city,day_type,total_transactions,total_spend
"Nakodar, India",Weekday,1,205582.0
"Sehore, India",Weekend,6,871880.0
"Balurghat, India",Weekday,5,547133.0
"Gobichettipalayam, India",Weekend,2,295030.0
"Malaj Khand, India",Weekday,2,219481.0
"Sirsa, India",Weekday,6,1177568.0
"Araria, India",Weekend,1,1543.0
"Gokak, India",Weekend,2,297133.0
"Jalpaiguri, India",Weekday,3,504224.0
"Ratangarh, India",Weekend,1,252679.0
"Srivilliputhur, India",Weekday,7,1177724.0
"Umred, India",Weekday,4,695218.0
"Pathri, India",Weekend,2,321059.0
"Visnagar, India",Weekday,6,802221.0
"Udumalaipettai, India",Weekend,2,471849.0
"Pakaur, India",Weekend,1,141621.0
"Kathua, India",Weekend,1,203454.0
"Vijayawada, India",Weekend,1,168828.0
"Pasan, India",Weekend,3,387612.0
"Ratnagiri, India",Weekend,1,154033.0
"Karimganj, India",Weekend,1,148204.0
"Manglaur, India",Weekday,5,678753.0
"Sivaganga, India",Weekday,1,252253.0
"Pune, India",Weekend,206,29494294.0
"Jamalpur, India",Weekday,5,870456.0
"Raisen, India",Weekday,7,1175362.0
"Pulgaon, India",Weekday,8,851823.0
"Batala, India",Weekend,5,610464.0
"Revelganj, India",Weekday,7,1122944.0
"Sultanpur, India",Weekday,4,371163.0
"Ramdurg, India",Weekday,5,781088.0
"Jammu, India",Weekend,2,330952.0
"Hapur, India",Weekend,3,469841.0
"Bobbili, India",Weekday,4,492162.0
"Sillod, India",Weekend,1,177486.0
"Panna, India",Weekday,1,89751.0
"Sangamner, India",Weekday,9,1315578.0
"Taliparamba, India",Weekend,2,147650.0
"Nandurbar, India",Weekend,2,517610.0
"Nahan, India",Weekday,5,1322988.0
"Sendhwa, India",Weekend,1,245534.0
"Perinthalmanna, India",Weekday,2,175658.0
"Raurkela, India",Weekend,1,76775.0
"Lahar, India",Weekend,4,653879.0
"Shrigonda, India",Weekday,7,907421.0
"Jammalamadugu, India",Weekday,7,1344983.0
"Tiruchengode, India",Weekday,3,508253.0
"Kurnool, India",Weekend,3,379958.0
"Habra, India",Weekend,1,181452.0
"Bhadrak, India",Weekday,4,663342.0
"Sankari, India",Weekday,8,1493625.0
"Umreth, India",Weekend,1,106924.0
"Shahabad, India",Weekday,4,709761.0
"Viluppuram, India",Weekday,2,401902.0
"Palwancha, India",Weekday,2,297472.0
"Sivakasi, India",Weekday,8,1247602.0
"Motihari, India",Weekday,6,1019358.0
"Virudhachalam, India",Weekend,1,240756.0
"Nabha, India",Weekend,3,645537.0
"Ranibennur, India",Weekday,4,591296.0
"Sironj, India",Weekday,4,734819.0
"Muzaffarpur, India",Weekday,3,470307.0
"Vita, India",Weekday,2,276648.0
"Raigarh, India",Weekday,5,849930.0
"Amalapuram, India",Weekend,1,72099.0
"Mahbubnagar, India",Weekday,1,15458.0
"Kalpi, India",Weekday,4,729122.0
"Chaibasa, India",Weekday,4,597242.0
"Visakhapatnam, India",Weekday,4,719155.0
"Samana, India",Weekend,3,257032.0
"Maihar, India",Weekday,9,1003593.0
"Mokameh, India",Weekday,4,502976.0
"Vijainagar Ajmer, India",Weekday,3,207517.0
"Udupi, India",Weekend,1,220821.0
"Suryapet, India",Weekend,2,512065.0
"Karur, India",Weekend,1,42075.0
"Talcher, India",Weekday,7,1004517.0
"Tirukalukundram, India",Weekday,6,938647.0
"Pathankot, India",Weekend,1,81467.0
"Imphal, India",Weekday,8,1304277.0
"Perumbavoor, India",Weekday,2,203534.0
"Charkhi Dadri, India",Weekend,4,676202.0
"Vatakara, India",Weekday,8,1102870.0
"Anjangaon, India",Weekday,4,980533.0
"Phagwara, India",Weekday,1,225604.0
"Bhubaneswar, India",Weekday,4,630778.0
"Bhavnagar, India",Weekend,1,232476.0
"Srinagar, India",Weekday,7,1099387.0
"Fazilka, India",Weekday,1,14949.0
"Venkatagiri, India",Weekend,2,126446.0
"Faridkot, India",Weekday,3,559327.0
"Shahdol, India",Weekday,10,1449583.0
"Lalsot, India",Weekday,4,571227.0
"Gumia, India",Weekend,2,398819.0
"Nagpur, India",Weekend,1,34887.0
"Jind, India",Weekend,5,1122679.0
"Masaurhi, India",Weekday,5,690464.0
"Shoranur, India",Weekday,4,540783.0
"Rampura Phul, India",Weekday,2,339672.0
"Rawatsar, India",Weekend,1,104842.0
"Soro, India",Weekday,2,551392.0
"Kharar, India",Weekend,3,325427.0
"Wardha, India",Weekend,1,120853.0
"Mattannur, India",Weekday,7,1227185.0
"Jorhat, India",Weekend,2,327308.0
"Buxar, India",Weekday,4,828584.0
"Ladwa, India",Weekend,2,230273.0
"Aizawl, India",Weekday,3,565635.0
"Kadi, India",Weekend,3,720327.0
"Adoni, India",Weekend,4,718170.0
"Tiruvannamalai, India",Weekend,2,418708.0
"Pithapuram, India",Weekday,3,585850.0
"Solapur, India",Weekday,3,129732.0
"Simdega, India",Weekend,1,154730.0
"Makhdumpur, India",Weekday,8,1047682.0
"Neyyattinkara, India",Weekday,6,772391.0
"Moradabad, India",Weekday,3,507042.0
"Kaithal, India",Weekend,2,289166.0
"Shivamogga, India",Weekday,3,693443.0
"Surapura, India",Weekday,2,286598.0
"Sircilla, India",Weekend,3,532123.0
"Padrauna, India",Weekday,6,916437.0
"Mapusa, India",Weekend,2,207600.0
"Musabani, India",Weekday,8,1149320.0
"Wadgaon Road, India",Weekend,2,321491.0
"Giridih, India",Weekday,5,541505.0
"Thiruvallur, India",Weekday,6,661820.0
"Dhanbad, India",Weekend,1,193173.0
"Memari, India",Weekend,1,43265.0
"Nanjikottai, India",Weekday,5,851168.0
"Rajula, India",Weekday,8,1348941.0
"Bokaro Steel City, India",Weekday,5,859773.0
"Lal Gopalganj Nindaura, India",Weekday,2,373081.0
"Sholingur, India",Weekend,3,230627.0
"Noida, India",Weekday,2,216581.0
"Kendrapara, India",Weekend,2,219829.0
"Kolar, India",Weekend,2,419753.0
"Ujhani, India",Weekend,1,188360.0
"Nizamabad, India",Weekday,4,627449.0
"Mehkar, India",Weekday,4,537126.0
"Akot, India",Weekend,4,367777.0
"Kayamkulam, India",Weekday,5,987827.0
"Santipur, India",Weekend,4,609963.0
"Neem-Ka-Thana, India",Weekend,2,328873.0
"Arvi, India",Weekday,5,554835.0
"Tiptur, India",Weekend,2,420822.0
"Arsikere, India",Weekend,2,532104.0
"Raiganj, India",Weekday,2,308340.0
"Raisinghnagar, India",Weekend,2,252886.0
"Radhanpur, India",Weekday,6,829367.0
"Thana Bhawan, India",Weekend,1,56753.0
"Mattannur, India",Weekend,2,240582.0
"Panruti, India",Weekend,2,262684.0
"Firozpur, India",Weekday,5,389791.0
"Haldwani-cum-Kathgodam, India",Weekday,8,986218.0
"Tezpur, India",Weekday,4,695127.0
"Chilakaluripet, India",Weekend,3,809652.0
"Nathdwara, India",Weekday,4,248349.0
"Siddipet, India",Weekend,2,312669.0
"Pathanamthitta, India",Weekend,2,121454.0
"Forbesganj, India",Weekday,2,307475.0
"Lalitpur, India",Weekend,1,260485.0
"Lanka, India",Weekend,1,298960.0
"Belagavi, India",Weekend,2,372802.0
"New Delhi, India",Weekday,2,71446.0
"Wai, India",Weekend,1,26551.0
"Bhilai Nagar, India",Weekday,8,989152.0
"Manuguru, India",Weekday,1,224343.0
"Raghunathganj, India",Weekday,3,198124.0
"Wani, India",Weekend,1,146664.0
"Palwal, India",Weekend,3,256998.0
"Bharuch, India",Weekend,2,191311.0
"Lunglei, India",Weekend,4,937366.0
"Sambalpur, India",Weekday,5,724929.0
"Pilibhit, India",Weekday,5,248215.0
"Tasgaon, India",Weekday,2,354294.0
"Bhabua, India",Weekend,5,661218.0
"Seoni-Malwa, India",Weekend,1,258996.0
"Theni Allinagaram, India",Weekday,2,354880.0
"Parbhani, India",Weekend,2,149972.0
"Faridabad, India",Weekday,7,807447.0
"Sojat, India",Weekend,1,289353.0
"Bhainsa, India",Weekday,4,714700.0
"Mansa, India",Weekend,3,228458.0
"Sikandra Rao, India",Weekend,3,546629.0
"Thiruvarur, India",Weekend,4,1069674.0
"Amalner, India",Weekday,3,727200.0
"Mulbagal, India",Weekend,1,68291.0
"Nagapattinam, India",Weekend,1,59476.0
"Nautanwa, India",Weekday,7,1422024.0
"Tarikere, India",Weekday,3,423561.0
"Ahmedabad, India",Weekend,1036,161356124.0
"Narsinghgarh, India",Weekday,9,1370696.0
"Phaltan, India",Weekday,3,480802.0
"Anand, India",Weekend,2,157910.0
"Tonk, India",Weekday,2,47930.0
"Thuraiyur, India",Weekend,1,227260.0
"Jangaon, India",Weekday,6,1206850.0
"Sangrur, India",Weekday,4,718762.0
"Ankleshwar, India",Weekday,3,597110.0
"Jabalpur, India",Weekend,1,98683.0
"Bellampalle, India",Weekday,5,993421.0
"Panipat, India",Weekend,4,555560.0
"Gwalior, India",Weekday,4,740293.0
"Pollachi, India",Weekday,6,850443.0
"Pratapgarh, India",Weekend,4,352457.0
"Fatehpur Sikri, India",Weekday,9,1849742.0
"Thakurdwara, India",Weekday,3,462860.0
"Lucknow, India",Weekday,542,81456803.0
"Gudur, India",Weekday,5,656942.0
"Taranagar, India",Weekday,5,594734.0
"Rajsamand, India",Weekend,5,675965.0
"Sonamukhi, India",Weekend,1,38834.0
"Pen, India",Weekday,4,379408.0
"Limbdi, India",Weekend,2,144911.0
"Khanna, India",Weekday,7,994387.0
"Dibrugarh, India",Weekday,4,667710.0
"Nargund, India",Weekday,3,592116.0
"Safidon, India",Weekday,2,260866.0
"Lonavla, India",Weekend,1,114042.0
"Peddapuram, India",Weekend,1,108651.0
"Bahadurgarh, India",Weekend,1,216707.0
"Nabadwip, India",Weekend,2,278921.0
"Kishanganj, India",Weekday,3,642252.0
"Pattukkottai, India",Weekend,1,282391.0
"Udaipurwati, India",Weekend,3,210358.0
"Indore, India",Weekend,2,233763.0
"Udgir, India",Weekend,5,1102753.0
"Lar, India",Weekday,2,191625.0
"Markapur, India",Weekend,2,134050.0
"Manwath, India",Weekend,2,82623.0
"Rajula, India",Weekend,1,17682.0
"Samastipur, India",Weekday,6,585933.0
"Ramngarh, India",Weekend,2,299537.0
"Kalyan-Dombivali, India",Weekday,12,1692253.0
"Ballari, India",Weekend,1,125105.0
"Zirakpur, India",Weekday,2,464738.0
"Vandavasi, India",Weekday,3,293323.0
"Ranaghat, India",Weekend,4,517256.0
"Surandai, India",Weekday,5,913340.0
"Shahpura, India",Weekend,4,494747.0
"Mahasamund, India",Weekday,6,803960.0
"Tiptur, India",Weekday,5,746569.0
"Goalpara, India",Weekday,6,796227.0
"Rajsamand, India",Weekday,5,1141325.0
"Neem-Ka-Thana, India",Weekday,7,993228.0
"Peddapuram, India",Weekday,3,529911.0
"Sagar, India",Weekday,5,1066563.0
"Lanka, India",Weekday,6,1228812.0
"Saharsa, India",Weekday,5,1016752.0
"Silchar, India",Weekend,2,178747.0
"Pathanamthitta, India",Weekday,3,428874.0
"Nehtaur, India",Weekend,1,263482.0
"Sahaswan, India",Weekday,5,869460.0
"Haldwani-cum-Kathgodam, India",Weekend,2,217752.0
"Sitamarhi, India",Weekend,3,578811.0
"Kharar, India",Weekday,7,994706.0
"Rampurhat, India",Weekend,4,466640.0
"Wani, India",Weekday,2,393312.0
"Sri Madhopur, India",Weekday,2,325764.0
"Shoranur, India",Weekend,1,174475.0
"Rawatbhata, India",Weekend,3,391806.0
"Dhule, India",Weekend,3,420598.0
"Raisinghnagar, India",Weekday,1,209216.0
"Parbhani, India",Weekday,2,230254.0
"Tasgaon, India",Weekend,8,997628.0
"Keshod, India",Weekday,5,504169.0
"Ratlam, India",Weekday,2,148187.0
"Siruguppa, India",Weekend,1,180801.0
"Adoni, India",Weekday,5,857185.0
"Sambalpur, India",Weekend,1,207211.0
"Roorkee, India",Weekday,3,626053.0
"Naihati, India",Weekday,6,987912.0
"Moradabad, India",Weekend,4,765383.0
"Kaithal, India",Weekday,7,920067.0
"Mandya, India",Weekday,4,562339.0
"Gadwal, India",Weekday,3,644251.0
"Sikandra Rao, India",Weekday,3,307229.0
"Mapusa, India",Weekday,2,230951.0
"Thiruvallur, India",Weekend,1,2225.0
"Muzaffarpur, India",Weekend,3,613949.0
"Nabha, India",Weekday,4,451177.0
"Alipurduar, India",Weekday,7,1170706.0
"Sonipat, India",Weekend,4,426183.0
"Kancheepuram, India",Weekday,4,363785.0
"Motihari, India",Weekend,5,600867.0
"Giridih, India",Weekend,3,406012.0
"Thakurdwara, India",Weekend,2,508202.0
"Bhagalpur, India",Weekday,4,631741.0
"Pappinisseri, India",Weekday,6,758155.0
"Ludhiana, India",Weekend,3,702850.0
"Deoghar, India",Weekend,3,782312.0
"Lonavla, India",Weekday,4,499585.0
"Vyara, India",Weekday,7,645382.0
"Noida, India",Weekend,3,246541.0
"Jabalpur, India",Weekday,3,491571.0
"Manendragarh, India",Weekday,2,514281.0
"Santipur, India",Weekday,3,309864.0
"Shegaon, India",Weekday,5,1010736.0
"Jagtial, India",Weekday,6,1159416.0
"Chilakaluripet, India",Weekday,5,735657.0
"Charkhi Dadri, India",Weekday,5,783177.0
"Batala, India",Weekday,4,609206.0
"Ladwa, India",Weekday,3,675584.0
"Jorhat, India",Weekday,6,1054819.0
"Ujhani, India",Weekday,3,585647.0
"Nagda, India",Weekday,5,865577.0
"Sendhwa, India",Weekday,5,834626.0
"Perinthalmanna, India",Weekend,4,363873.0
"Sundargarh, India",Weekend,2,137510.0
"Arambagh, India",Weekend,2,297085.0
"Kendujhar, India",Weekend,3,221514.0
"Venkatagiri, India",Weekday,2,142638.0
"Bhadrak, India",Weekend,5,1171823.0
"Hazaribag, India",Weekday,5,735657.0
"Dhanbad, India",Weekday,4,682391.0
"Nagpur, India",Weekday,6,754375.0
"Jind, India",Weekday,8,1064573.0
"Tiruvannamalai, India",Weekday,3,540144.0
"Shrigonda, India",Weekend,3,251418.0
"Manavadar, India",Weekend,2,148001.0
"Wai, India",Weekday,4,424804.0
"Sira, India",Weekday,4,661232.0
"Seoni-Malwa, India",Weekday,5,600309.0
"Amalapuram, India",Weekday,6,1084998.0
"Kochi, India",Weekday,4,842662.0
"Naidupet, India",Weekday,8,976094.0
"Pehowa, India",Weekend,1,82438.0
"Wadgaon Road, India",Weekday,5,876383.0
"Habra, India",Weekday,8,819021.0
"Nashik, India",Weekday,5,681012.0
"Saundatti-Yellamma, India",Weekend,3,559830.0
"Shahabad Rampur, India",Weekday,6,458389.0
"Lalitpur, India",Weekday,4,588096.0
"Nuzvid, India",Weekday,7,1065518.0
"Chatra, India",Weekend,1,97565.0
"Dumraon, India",Weekday,3,562391.0
"Mahe, India",Weekday,4,415415.0
"Samana, India",Weekday,3,520842.0
"Jamalpur, India",Weekend,1,43246.0
"Sircilla, India",Weekday,5,550339.0
"Vijainagar Ajmer, India",Weekend,2,330815.0
"Udupi, India",Weekday,6,660320.0
"Guwahati, India",Weekend,1,31873.0
"Umarga, India",Weekday,4,772130.0
"Suryapet, India",Weekday,2,343584.0
"Sillod, India",Weekday,9,1380699.0
"Hapur, India",Weekday,4,474100.0
"Limbdi, India",Weekday,3,488656.0
"Pratapgarh, India",Weekday,10,1477948.0
"Jhumri Tilaiya, India",Weekend,3,473760.0
"Sarni, India",Weekend,1,127322.0
"Markapur, India",Weekday,5,939800.0
"Washim, India",Weekend,4,543874.0
"Thane, India",Weekend,3,235585.0
"Udaipurwati, India",Weekday,10,1874945.0
"Taranagar, India",Weekend,3,506413.0
"Jammu, India",Weekday,8,1480850.0
"Sagara, India",Weekday,1,84371.0
"Pulgaon, India",Weekend,1,39847.0
"Cherthala, India",Weekday,3,537997.0
"Manwath, India",Weekday,4,490933.0
"Nawanshahr, India",Weekday,6,1029029.0
"Chirala, India",Weekday,3,551875.0
"Purulia, India",Weekend,3,327269.0
"Bhilwara, India",Weekend,1,169474.0
"Baripada Town, India",Weekend,2,83464.0
"Makhdumpur, India",Weekend,2,225352.0
"Sojat, India",Weekday,6,849194.0
"Bilaspur, India",Weekday,3,443215.0
"Rajpura, India",Weekend,3,503178.0
"Periyasemur, India",Weekend,1,254488.0
"Adilabad, India",Weekend,3,585977.0
"Ramngarh, India",Weekday,3,785190.0
"Viluppuram, India",Weekend,1,173810.0
"Siana, India",Weekday,2,135935.0
"Narnaul, India",Weekend,2,382327.0
"Sirsa, India",Weekend,2,245601.0
"Nepanagar, India",Weekend,7,836579.0
"Wokha, India",Weekday,5,459285.0
"Virudhachalam, India",Weekday,2,323676.0
"Pathri, India",Weekday,7,873409.0
"Mansa, India",Weekday,7,893995.0
"Kolkata, India",Weekday,563,84286973.0
"Paradip, India",Weekday,2,261358.0
"Vedaranyam, India",Weekday,5,799159.0
"Shirur, India",Weekday,4,643797.0
"Visnagar, India",Weekend,2,126764.0
"Sihora, India",Weekend,1,241187.0
"Anand, India",Weekday,4,438608.0
"Raigarh, India",Weekend,4,978809.0
"Karur, India",Weekday,2,518589.0
"Mandi, India",Weekday,4,861910.0
"Valparai, India",Weekend,3,325368.0
"Sironj, India",Weekend,1,184664.0
"Lunawada, India",Weekday,4,665403.0
"Thuraiyur, India",Weekday,4,620999.0
"Sandila, India",Weekday,3,266137.0
"Raayachuru, India",Weekday,5,966965.0
"Tamluk, India",Weekday,2,210419.0
"Maihar, India",Weekend,4,853015.0
"Asansol, India",Weekday,4,676947.0
"Ahmedabad, India",Weekday,2455,406438186.0
"Panipat, India",Weekday,6,986839.0
"Vapi, India",Weekend,2,351945.0
"Afzalpur, India",Weekday,6,589107.0
"Yemmiganur, India",Weekday,2,216057.0
"Lunglei, India",Weekday,3,607638.0
"Pen, India",Weekend,3,376282.0
"Brahmapur, India",Weekday,4,535949.0
"Nabadwip, India",Weekday,3,597355.0
"Siddipet, India",Weekday,5,698847.0
"Forbesganj, India",Weekend,1,23956.0
"Zunheboto, India",Weekend,1,298567.0
"Ambejogai, India",Weekend,3,615213.0
"Panruti, India",Weekday,7,819016.0
"Darbhanga, India",Weekend,2,118163.0
"Revelganj, India",Weekend,2,206712.0
"Nandurbar, India",Weekday,5,666833.0
"Arvi, India",Weekend,1,272800.0
"Udgir, India",Weekday,6,977429.0
"Gurdaspur, India",Weekday,2,344307.0
"Pattamundai, India",Weekend,1,145159.0
"Zirakpur, India",Weekend,1,84925.0
"Lar, India",Weekend,1,274817.0
"Tuljapur, India",Weekend,3,680450.0
"Palwal, India",Weekday,1,264115.0
"Ranaghat, India",Weekday,7,1037972.0
"Ballari, India",Weekday,4,834494.0
"Samastipur, India",Weekend,2,155936.0
"Paramakudi, India",Weekend,1,80024.0
"Rishikesh, India",Weekend,3,253378.0
"Davanagere, India",Weekend,2,325773.0
"Karjat, India",Weekend,1,269258.0
"Bhabua, India",Weekday,3,587705.0
"Umbergaon, India",Weekday,4,492422.0
"Memari, India",Weekday,3,228923.0
"Umreth, India",Weekday,2,321595.0
"Karimganj, India",Weekday,5,810506.0
"Chirkunda, India",Weekday,3,352098.0
"Dharmanagar, India",Weekday,4,702450.0
"Parlakhemundi, India",Weekday,3,525950.0
"Pakaur, India",Weekday,2,408787.0
"Belagavi, India",Weekday,8,944704.0
"Thiruvarur, India",Weekday,5,879934.0
"Lakhimpur, India",Weekend,3,487666.0
"Kandukur, India",Weekday,3,574489.0
"Raisen, India",Weekend,6,681840.0
"Pasan, India",Weekday,4,690920.0
"Ankleshwar, India",Weekend,1,87920.0
"Porbandar, India",Weekday,9,1276025.0
"Nagapattinam, India",Weekday,2,556451.0
"Kunnamkulam, India",Weekday,5,878614.0
"Kathua, India",Weekday,2,337822.0
"Thiruvananthapuram, India",Weekday,4,850640.0
"Ratnagiri, India",Weekday,2,481975.0
"Talaja, India",Weekday,7,827969.0
"Gobichettipalayam, India",Weekday,8,1047664.0
"Akot, India",Weekday,1,152677.0
"Gwalior, India",Weekend,2,506738.0
"Uchgaon, India",Weekday,3,346392.0
"Titlagarh, India",Weekday,6,539557.0
"Pandua, India",Weekday,5,677011.0
"Paithan, India",Weekday,6,961502.0
"Raxaul Bazar, India",Weekday,1,197753.0
"Paramakudi, India",Weekday,4,626676.0
"Thiruvalla, India",Weekday,2,64074.0
"Shirpur-Warwade, India",Weekend,1,298572.0
"Anantapur, India",Weekend,2,283364.0
"Robertson Pet, India",Weekend,3,137313.0
"Sedam, India",Weekday,6,1007642.0
"Uthamapalayam, India",Weekend,1,141964.0
"Anjar, India",Weekday,2,274026.0
"Nepanagar, India",Weekday,2,308163.0
"Manjlegaon, India",Weekend,2,193424.0
"Lakheri, India",Weekday,5,961128.0
"Jodhpur, India",Weekday,4,540175.0
"Sattenapalle, India",Weekday,2,328609.0
"Dhenkanal, India",Weekday,2,411260.0
"Ranipet, India",Weekend,1,50367.0
"Chatra, India",Weekday,7,936775.0
"Kapadvanj, India",Weekday,4,456091.0
"Jalandhar, India",Weekend,1,264902.0
"Narkatiaganj, India",Weekday,3,693684.0
"Dhamtari, India",Weekend,2,283387.0
"Thangadh, India",Weekend,1,62680.0
"Udhampur, India",Weekday,8,1055622.0
"Ponnani, India",Weekday,5,817943.0
"Umaria, India",Weekday,1,212006.0
"Arwal, India",Weekday,3,407504.0
"Singrauli, India",Weekday,6,726924.0
"Guntur, India",Weekend,4,845712.0
"Warisaliganj, India",Weekend,1,173497.0
"Solan, India",Weekend,2,572624.0
"Jatani, India",Weekday,4,604352.0
"Supaul, India",Weekday,6,853038.0
"Yamunanagar, India",Weekend,3,375034.0
"Nedumangad, India",Weekend,1,289877.0
"Sarni, India",Weekday,2,79987.0
"Palakkad, India",Weekend,1,167304.0
"Kozhikode, India",Weekday,7,1043202.0
"Washim, India",Weekday,4,729265.0
"Yevla, India",Weekend,2,260537.0
"Kagaznagar, India",Weekend,2,330053.0
"Kadiri, India",Weekend,1,175547.0
"Machilipatnam, India",Weekend,1,149579.0
"Hisar, India",Weekday,6,916316.0
"Sadabad, India",Weekend,5,1079541.0
"Chittur-Thathamangalam, India",Weekday,6,589500.0
"Mahemdabad, India",Weekend,2,309245.0
"Vellakoil, India",Weekday,4,772176.0
"Karwar, India",Weekday,7,908469.0
"Sangareddy, India",Weekday,3,312810.0
"Pernampattu, India",Weekend,1,226582.0
"Jaggaiahpet, India",Weekday,3,600552.0
"Bongaigaon City, India",Weekday,3,658700.0
"Sirsi, India",Weekend,1,73993.0
"Gobindgarh, India",Weekend,3,737555.0
"Sagwara, India",Weekend,1,99911.0
"Sherghati, India",Weekday,2,232626.0
"Alappuzha, India",Weekday,6,685935.0
"Naila Janjgir, India",Weekday,10,1430738.0
"Mussoorie, India",Weekday,1,51981.0
"Bodhan, India",Weekday,4,647501.0
"Shrirampur, India",Weekday,1,161994.0
"Meerut, India",Weekend,2,269819.0
"Perambalur, India",Weekend,1,231363.0
"Vijayapura, India",Weekend,6,978914.0
"Malegaon, India",Weekday,8,1252924.0
"Sheikhpura, India",Weekend,1,67422.0
"Nainital, India",Weekday,8,1335862.0
"Yellandu, India",Weekend,3,557999.0
"Mancherial, India",Weekday,5,858985.0
"Patna, India",Weekend,4,507114.0
"Rajnandgaon, India",Weekend,1,29333.0
"Makrana, India",Weekday,5,606715.0
"Sihora, India",Weekday,5,777770.0
"Unnao, India",Weekday,3,506641.0
"Fatehabad, India",Weekday,5,715947.0
"Kollam, India",Weekend,1,236602.0
"Vinukonda, India",Weekday,4,426406.0
"Rajapalayam, India",Weekend,1,233599.0
"Punch, India",Weekend,4,484407.0
"Etawah, India",Weekday,5,556289.0
"Panchkula, India",Weekend,3,397186.0
"Narwana, India",Weekend,1,231884.0
"Sinnar, India",Weekend,3,792306.0
"Tekkalakote, India",Weekday,1,210758.0
"Jhumri Tilaiya, India",Weekday,2,190448.0
"Narasapuram, India",Weekend,1,204959.0
"Palia Kalan, India",Weekday,2,269535.0
"Korba, India",Weekend,5,674351.0
"Punalur, India",Weekend,1,124082.0
"Mangrol, India",Weekend,3,264079.0
"Tharamangalam, India",Weekday,4,522261.0
"Bhadrachalam, India",Weekend,4,653570.0
"Mungeli, India",Weekend,1,254358.0
"Thanjavur, India",Weekday,6,913023.0
"Modasa, India",Weekend,2,355165.0
"Rayagada, India",Weekday,1,113126.0
"Tiruvuru, India",Weekend,1,188536.0
"Vijayapura, India",Weekday,9,1466643.0
"Rajgir, India",Weekend,2,162422.0
"Marmagao, India",Weekend,3,435715.0
"Ganjbasoda, India",Weekend,2,223901.0
"Kot Kapura, India",Weekend,1,181531.0
"Sirohi, India",Weekday,4,402282.0
"Tilhar, India",Weekend,2,168622.0
"Narnaul, India",Weekday,4,728790.0
"Manavadar, India",Weekday,2,375372.0
"Shahade, India",Weekend,5,850650.0
"Mira-Bhayandar, India",Weekend,2,542196.0
"Aligarh, India",Weekend,2,408152.0
"Ramachandrapuram, India",Weekend,2,483271.0
"Kovvur, India",Weekend,2,473098.0
"Pudukkottai, India",Weekend,1,225743.0
"Upleta, India",Weekday,5,811121.0
"Tadpatri, India",Weekday,7,1228467.0
"Warora, India",Weekend,4,253413.0
"Ottappalam, India",Weekday,9,1098213.0
"Sonipat, India",Weekday,4,865896.0
"Sonepur, India",Weekday,4,691104.0
"Mhow Cantonment, India",Weekend,2,375237.0
"Tirupathur, India",Weekday,1,75227.0
"Surat, India",Weekend,211,32766659.0
"Sidhpur, India",Weekend,4,523138.0
"Sankeshwara, India",Weekday,4,892005.0
"Saunda, India",Weekend,2,415561.0
"Satna, India",Weekday,3,302811.0
"Rosera, India",Weekday,6,631364.0
"Varkala, India",Weekend,1,212675.0
"Rae Bareli, India",Weekend,3,327998.0
"Mudhol, India",Weekday,3,250581.0
"Vikramasingapuram, India",Weekday,4,688445.0
"Bankura, India",Weekday,4,575182.0
"Talode, India",Weekday,6,877261.0
"Zunheboto, India",Weekday,2,167862.0
"Kharagpur, India",Weekday,5,687674.0
"Firozpur Cantt., India",Weekend,5,814780.0
"Ramgarh, India",Weekend,1,124796.0
"Shajapur, India",Weekend,3,687145.0
"Pipar City, India",Weekday,10,1637606.0
"Agra, India",Weekend,2,285895.0
"Wankaner, India",Weekend,1,69203.0
"Jamshedpur, India",Weekday,8,1395188.0
"Shivpuri, India",Weekday,3,532590.0
"Tinsukia, India",Weekend,1,260229.0
"Una, India",Weekend,1,161180.0
"Karaikal, India",Weekend,1,63906.0
"Latur, India",Weekday,3,191519.0
"Bhuj, India",Weekend,3,265838.0
"Mangrulpir, India",Weekday,2,359389.0
"Greater Mumbai, India",Weekend,1017,172418991.0
"Losal, India",Weekend,1,48108.0
"Darbhanga, India",Weekday,11,1608327.0
"Nangal, India",Weekday,4,503559.0
"Sitamarhi, India",Weekday,6,1088198.0
"Silchar, India",Weekday,6,960881.0
"Rawatbhata, India",Weekday,3,523873.0
"Nagarkurnool, India",Weekday,5,766621.0
"Nehtaur, India",Weekday,5,668995.0
"Nawapur, India",Weekend,2,205125.0
"North Lakhimpur, India",Weekend,1,107710.0
"Madurai, India",Weekend,1,8247.0
"Rampurhat, India",Weekday,7,1114292.0
"Seohara, India",Weekday,5,720446.0
"Sasaram, India",Weekday,5,543477.0
"Chandausi, India",Weekday,3,432123.0
"Rasra, India",Weekday,4,443484.0
"Bapatla, India",Weekend,1,153626.0
"Siruguppa, India",Weekday,4,670779.0
"Farooqnagar, India",Weekend,4,674750.0
"Muddebihal, India",Weekday,9,1662729.0
"Nellore, India",Weekend,3,595796.0
"Purnia, India",Weekend,1,201682.0
"Mohali, India",Weekday,8,1138935.0
"Aurangabad, India",Weekday,11,1458391.0
"Murshidabad, India",Weekday,4,515741.0
"Uravakonda, India",Weekend,1,258756.0
"Raver, India",Weekend,3,399403.0
"Ladnu, India",Weekday,4,380361.0
"Hugli-Chinsurah, India",Weekday,1,171822.0
"Petlad, India",Weekend,2,289459.0
"Mandsaur, India",Weekend,1,176620.0
"Nimbahera, India",Weekday,3,473968.0
"Sindhagi, India",Weekend,4,595622.0
"Nagina, India",Weekday,3,226644.0
"Tumkur, India",Weekend,2,329226.0
"Tiruttani, India",Weekday,2,179826.0
"Nagercoil, India",Weekday,4,758923.0
"Tirur, India",Weekday,1,26094.0
"Lingsugur, India",Weekday,3,290018.0
"Parvathipuram, India",Weekend,4,595004.0
"Srikakulam, India",Weekend,3,414905.0
"Pilibanga, India",Weekday,1,38925.0
"Ambikapur, India",Weekday,5,587988.0
"Medininagar (Daltonganj), India",Weekday,4,886038.0
"Sanawad, India",Weekend,1,7346.0
"Pithoragarh, India",Weekday,7,1229631.0
"Sahibganj, India",Weekend,4,476989.0
"Puranpur, India",Weekday,5,898003.0
"Pedana, India",Weekday,3,509090.0
"Kadapa, India",Weekend,3,731496.0
"Hubli-Dharwad, India",Weekend,5,514824.0
"Mudalagi, India",Weekday,3,179852.0
"Merta City, India",Weekend,3,523422.0
"Mihijam, India",Weekend,1,173375.0
"Navi Mumbai, India",Weekend,1,28095.0
"Mandla, India",Weekend,3,602210.0
"Purulia, India",Weekday,5,788163.0
"Thane, India",Weekday,4,400149.0
"Ongole, India",Weekday,5,790235.0
"Raghogarh-Vijaypur, India",Weekday,4,561123.0
"Satara, India",Weekday,4,281602.0
"Shikarpur Bulandshahr, India",Weekend,2,207889.0
"Rewa, India",Weekday,3,431880.0
"Namakkal, India",Weekday,5,774306.0
"Puri, India",Weekday,2,107592.0
"Dhule, India",Weekday,4,542062.0
"Bhawanipatna, India",Weekday,1,107284.0
"Rohtak, India",Weekend,1,28531.0
"Mangrulpir, India",Weekend,4,752293.0
"Purnia, India",Weekday,4,818148.0
"Latur, India",Weekend,1,18720.0
"Etawah, India",Weekend,2,333565.0
"Greater Mumbai, India",Weekday,2476,404332485.0
"Raghogarh-Vijaypur, India",Weekend,2,467130.0
"Puranpur, India",Weekend,1,298518.0
"Tekkalakote, India",Weekend,2,395192.0
"Karaikal, India",Weekday,5,968153.0
"Buxar, India",Weekend,2,328554.0
"Tarakeswar, India",Weekend,1,15456.0
"Madurai, India",Weekday,3,471135.0
"Thanesar, India",Weekday,2,336483.0
"Bettiah, India",Weekday,2,353056.0
"Bapatla, India",Weekday,1,88041.0
"Kadi, India",Weekday,2,207789.0
"Rajgir, India",Weekday,3,350295.0
"Bodhan, India",Weekend,2,321769.0
"Dharmavaram, India",Weekday,5,499688.0
"Farooqnagar, India",Weekday,3,370548.0
"Rahuri, India",Weekend,4,256470.0
"Soro, India",Weekend,3,534597.0
"Durg, India",Weekend,1,48888.0
"Warora, India",Weekday,4,706948.0
"Shikarpur Bulandshahr, India",Weekday,5,510107.0
"Tadpatri, India",Weekend,1,277633.0
"Rudauli, India",Weekday,5,937770.0
"Shrirampur, India",Weekend,2,418733.0
"Ottappalam, India",Weekend,3,446920.0
"Kolar, India",Weekday,7,779827.0
"Tiruttani, India",Weekend,2,256955.0
"Nautanwa, India",Weekend,3,650526.0
"Rawatsar, India",Weekday,2,340549.0
"Sabalgarh, India",Weekday,3,291701.0
"Kovvur, India",Weekday,2,285350.0
"Shivamogga, India",Weekend,1,232704.0
"Merta City, India",Weekday,2,290649.0
"Palwancha, India",Weekend,3,316875.0
"Bagaha, India",Weekday,1,224207.0
"Mokameh, India",Weekend,3,205305.0
"Modasa, India",Weekday,10,1351199.0
"Sangrur, India",Weekend,2,254400.0
"Sholingur, India",Weekday,6,1004338.0
"Bahadurgarh, India",Weekday,6,464118.0
"Dhuri, India",Weekday,6,898151.0
"Rajapalayam, India",Weekday,5,890996.0
"Kollam, India",Weekday,4,675824.0
"Renukoot, India",Weekend,4,846823.0
"Gopalganj, India",Weekday,4,603304.0
"Narsinghgarh, India",Weekend,3,443805.0
"Nanjikottai, India",Weekend,1,4071.0
"Kayamkulam, India",Weekend,1,177609.0
"Ramgarh, India",Weekday,4,201051.0
"Risod, India",Weekend,3,257837.0
"Imphal, India",Weekend,1,229524.0
"Bhavnagar, India",Weekday,3,497539.0
"Bhuj, India",Weekday,8,994792.0
"Shamli, India",Weekend,1,6148.0
"Solan, India",Weekday,2,218117.0
"Nedumangad, India",Weekday,5,822655.0
"Sopore, India",Weekend,3,289807.0
"Kochi, India",Weekend,1,172477.0
"Mavelikkara, India",Weekend,2,351041.0
"Shahdol, India",Weekend,3,472981.0
"Tharamangalam, India",Weekend,3,544233.0
"Thanjavur, India",Weekend,2,114126.0
"Arsikere, India",Weekday,7,935858.0
"Punalur, India",Weekday,3,737840.0
"Shamsabad Agra, India",Weekend,1,2832.0
"Raipur, India",Weekend,2,349271.0
"Gumia, India",Weekday,3,476956.0
"Patti, India",Weekday,3,381180.0
"Karwar, India",Weekend,1,94934.0
"Araria, India",Weekday,7,817700.0
"Nellore, India",Weekday,5,1054230.0
"Wardha, India",Weekday,3,421228.0
"Shahabad, India",Weekend,2,294584.0
"Gaya, India",Weekday,4,542539.0
"Osmanabad, India",Weekend,3,504562.0
"Mira-Bhayandar, India",Weekday,1,125738.0
"Bharuch, India",Weekday,7,1217792.0
"Surapura, India",Weekend,1,24244.0
"Surat, India",Weekday,538,81719492.0
"Umred, India",Weekend,1,89300.0
"Mussoorie, India",Weekend,1,151006.0
"Shirpur-Warwade, India",Weekday,1,73929.0
"Anantapur, India",Weekday,2,505686.0
"Tuni, India",Weekend,1,285125.0
"Perambalur, India",Weekday,8,1000918.0
"Sehore, India",Weekday,3,564148.0
"Varkala, India",Weekday,5,594764.0
"Meerut, India",Weekday,6,535385.0
"Manjlegaon, India",Weekday,7,961778.0
"Lahar, India",Weekday,2,355296.0
"Gokak, India",Weekday,6,1100141.0
"Pernampattu, India",Weekday,4,671779.0
"Rewari, India",Weekend,1,285986.0
"Taliparamba, India",Weekday,5,890245.0
"Visakhapatnam, India",Weekend,3,680725.0
"Ratangarh, India",Weekday,4,786741.0
"Ramanagaram, India",Weekend,2,345702.0
"Tirupathur, India",Weekend,1,71801.0
"Fatehabad, India",Weekend,1,63819.0
"Narwana, India",Weekday,3,304368.0
"Guntur, India",Weekday,2,125948.0
"Pathankot, India",Weekday,2,77476.0
"Kharagpur, India",Weekend,3,527792.0
"Singrauli, India",Weekend,3,537138.0
"Sivaganga, India",Weekend,1,43432.0
"Palitana, India",Weekday,2,403493.0
"Ozar, India",Weekend,1,58339.0
"Jatani, India",Weekend,1,294951.0
"Raurkela, India",Weekday,5,964365.0
"Nawabganj, India",Weekday,4,325866.0
"Chittur-Thathamangalam, India",Weekend,2,212360.0
"Lalsot, India",Weekend,4,589415.0
"Nadbai, India",Weekend,2,306614.0
"Medininagar (Daltonganj), India",Weekend,4,638834.0
"Ramdurg, India",Weekend,5,737893.0
"Yamunanagar, India",Weekday,7,705499.0
"Sonamukhi, India",Weekday,3,382900.0
"Mungeli, India",Weekday,7,718025.0
"Shahpur, India",Weekday,4,388774.0
"Vellakoil, India",Weekend,2,236180.0
"Rajgarh (Churu), India",Weekend,2,98739.0
"Kurnool, India",Weekday,8,1506130.0
"Pattukkottai, India",Weekday,5,811217.0
"Yellandu, India",Weekday,7,841869.0
"Aligarh, India",Weekday,6,953156.0
"Indore, India",Weekday,3,539006.0
"Bhadrachalam, India",Weekday,3,479981.0
"Bhimavaram, India",Weekday,4,433281.0
"Palitana, India",Weekend,4,509742.0
"Sangareddy, India",Weekend,1,109566.0
"Nelamangala, India",Weekend,1,241008.0
"Udaipur, India",Weekend,4,584040.0
"Allahabad, India",Weekend,3,575471.0
"Jammalamadugu, India",Weekend,4,522362.0
"Kot Kapura, India",Weekday,3,593369.0
"Barbil, India",Weekend,2,79011.0
"Sagwara, India",Weekday,4,607272.0
"Tirunelveli, India",Weekday,4,739119.0
"Narasapuram, India",Weekday,3,299178.0
"Kalpi, India",Weekend,2,70299.0
"Tumsar, India",Weekend,4,520115.0
"Warisaliganj, India",Weekday,2,295007.0
"Udumalaipettai, India",Weekday,4,609060.0
"Pune, India",Weekday,541,79819636.0
"Simdega, India",Weekday,5,562869.0
"Sumerpur, India",Weekend,2,248104.0
"Nainital, India",Weekend,2,343521.0
"Sattenapalle, India",Weekend,2,350822.0
"Dhenkanal, India",Weekend,1,26865.0
"Robertson Pet, India",Weekday,2,281273.0
"Malaj Khand, India",Weekend,1,238898.0
"Jodhpur, India",Weekend,1,232184.0
"Delhi, India",Weekend,983,164810553.0
"Jalandhar, India",Weekday,8,1330747.0
"Anjar, India",Weekend,1,113262.0
"Rajnandgaon, India",Weekday,3,319349.0
"Arwal, India",Weekend,2,176005.0
"Durg, India",Weekday,4,210817.0
"Amreli, India",Weekend,2,388675.0
"Bharatpur, India",Weekend,1,285333.0
"Vijayawada, India",Weekday,1,114593.0
"Kapadvanj, India",Weekend,1,48533.0
"Mulbagal, India",Weekday,1,260448.0
"Bhiwani, India",Weekend,2,159722.0
"Balurghat, India",Weekend,1,80388.0
"Yevla, India",Weekday,1,134569.0
"Sitapur, India",Weekend,4,720944.0
"Kadapa, India",Weekday,4,1015763.0
"Kadiri, India",Weekday,1,5888.0
"Palakkad, India",Weekday,2,251910.0
"Ahmednagar, India",Weekend,1,53901.0
"Thana Bhawan, India",Weekday,6,1035507.0
"Umaria, India",Weekend,1,171970.0
"Mudalagi, India",Weekend,3,723808.0
"Bikaner, India",Weekend,2,324323.0
"Bankura, India",Weekend,1,286632.0
"Tenkasi, India",Weekday,5,794072.0
"Hisar, India",Weekend,5,825488.0
"Kalyan-Dombivali, India",Weekend,7,744667.0
"Anantnag, India",Weekend,2,204877.0
"Mihijam, India",Weekday,5,883357.0
"Ongole, India",Weekend,1,108463.0
"Sadulpur, India",Weekday,3,441250.0
"Rohtak, India",Weekday,5,870247.0
"Sahibganj, India",Weekday,2,252227.0
"Gobindgarh, India",Weekday,5,419148.0
"Bargarh, India",Weekend,2,264287.0
"Shahpura, India",Weekday,6,661237.0
"Rewa, India",Weekend,5,822552.0
"Navi Mumbai, India",Weekday,6,1262221.0
"Mandla, India",Weekday,9,1444826.0
"Lakhisarai, India",Weekend,1,11511.0
"Katihar, India",Weekday,4,472140.0
"Mandi Dabwali, India",Weekend,2,160302.0
"Lakheri, India",Weekend,2,418788.0
"Nagina, India",Weekend,1,6874.0
"Mandsaur, India",Weekday,3,624374.0
"Aurangabad, India",Weekend,2,488845.0
"Jalpaiguri, India",Weekend,1,218074.0
"Sankeshwara, India",Weekend,5,895046.0
"Tadepalligudem, India",Weekday,2,383015.0
"Rosera, India",Weekend,1,252297.0
"Tindivanam, India",Weekday,3,562643.0
"Kendrapara, India",Weekday,5,745734.0
"Moga, India",Weekend,1,129158.0
"Dehradun, India",Weekend,3,84257.0
"Fatehpur Sikri, India",Weekend,3,354634.0
"Sailu, India",Weekend,2,325742.0
"Pilibanga, India",Weekend,1,155294.0
"Phulabani, India",Weekend,4,666427.0
"Srikakulam, India",Weekday,1,35386.0
"Lucknow, India",Weekend,217,33877673.0
"Shivpuri, India",Weekend,1,293690.0
"Shahabad Hardoi, India",Weekend,1,235757.0
"Pachora, India",Weekday,3,463391.0
"Patiala, India",Weekend,3,356651.0
"Jagdalpur, India",Weekday,7,1530916.0
"Dhubri, India",Weekend,1,193288.0
"Mandi Dabwali, India",Weekday,1,122238.0
"Bengaluru, India",Weekday,2502,406186501.0
"Cuttack, India",Weekday,5,912617.0
"Pali, India",Weekend,1,69153.0
"Tirupati, India",Weekday,3,379791.0
"Palacole, India",Weekday,7,1030721.0
"Rupnagar, India",Weekday,4,528448.0
"Naharlagun, India",Weekend,2,216214.0
"Veraval, India",Weekend,2,54552.0
"Savanur, India",Weekday,3,457539.0
"Rabkavi Banhatti, India",Weekday,4,739557.0
"Nadiad, India",Weekend,2,402138.0
"Wadi, India",Weekend,3,164666.0
"Nawada, India",Weekday,6,698299.0
"Munger, India",Weekend,3,469181.0
"Sarangpur, India",Weekend,3,269844.0
"Moga, India",Weekday,6,709480.0
"Pilkhuwa, India",Weekend,2,391801.0
"Sumerpur, India",Weekday,6,840166.0
"Maddur, India",Weekday,10,1179860.0
"Bhiwani, India",Weekday,3,114899.0
"Bahraich, India",Weekday,2,24253.0
"Phulabani, India",Weekday,4,885352.0
"Mysore, India",Weekend,1,68558.0
"Nowgong, India",Weekend,3,316891.0
"Mankachar, India",Weekend,2,234278.0
"Ponnur, India",Weekend,1,70479.0
"Sidhi, India",Weekday,6,1474975.0
"Alirajpur, India",Weekday,1,166684.0
"Shirdi, India",Weekend,5,946043.0
"Puttur, India",Weekend,4,476131.0
"Ahmednagar, India",Weekday,2,321388.0
"Karnal, India",Weekend,1,171847.0
"Bikaner, India",Weekday,6,1100744.0
"Rajgarh (Churu), India",Weekday,4,921179.0
"Loni, India",Weekend,2,63694.0
"Miryalaguda, India",Weekend,1,112301.0
"Rajakhera, India",Weekday,4,442184.0
"Nelamangala, India",Weekday,3,533448.0
"Malpura, India",Weekday,4,690803.0
"Udaipur, India",Weekday,11,1914154.0
"Hansi, India",Weekend,1,79974.0
"Robertsganj, India",Weekday,4,794940.0
"Amritsar, India",Weekday,3,169796.0
"Modinagar, India",Weekend,1,294699.0
"Madhupur, India",Weekday,4,650476.0
"Barbil, India",Weekday,5,1068074.0
"Mahnar Bazar, India",Weekend,4,367101.0
"Anantnag, India",Weekday,4,304895.0
"Salur, India",Weekday,2,496935.0
"Mavelikkara, India",Weekday,2,232560.0
"Sirkali, India",Weekend,4,515141.0
"Maner, India",Weekend,2,524055.0
"Patratu, India",Weekday,6,622747.0
"Suar, India",Weekend,1,3328.0
"Allahabad, India",Weekday,3,334564.0
"Siwan, India",Weekday,4,614927.0
"Jamnagar, India",Weekend,3,477958.0
"Jamui, India",Weekday,6,667888.0
"Akola, India",Weekday,9,1260527.0
"Ozar, India",Weekday,6,945199.0
"Dimapur, India",Weekend,4,912088.0
"Erode, India",Weekend,1,143163.0
"Hajipur, India",Weekday,4,837023.0
"Hardwar, India",Weekend,5,784886.0
"Baramula, India",Weekend,3,646395.0
"Sheopur, India",Weekday,2,351568.0
"Malappuram, India",Weekend,2,333561.0
"Balangir, India",Weekend,1,161224.0
"Rewari, India",Weekday,4,980023.0
"Malkapur, India",Weekend,3,299400.0
"Adityapur, India",Weekday,4,736461.0
"Nilanga, India",Weekend,2,311251.0
"Warangal, India",Weekday,2,462806.0
"Rudrapur, India",Weekday,8,1188415.0
"Bhongir, India",Weekday,5,486534.0
"Sirsaganj, India",Weekday,2,294855.0
"Darjiling, India",Weekend,3,597962.0
"Palanpur, India",Weekend,2,378527.0
"Nandivaram-Guduvancheri, India",Weekday,3,662522.0
"Renukoot, India",Weekday,5,742186.0
"Tuni, India",Weekday,2,306966.0
"Partur, India",Weekend,1,87368.0
"Barnala, India",Weekend,3,338949.0
"Bharatpur, India",Weekday,6,1140159.0
"Amreli, India",Weekday,6,390018.0
"Sikandrabad, India",Weekend,2,239629.0
"Shamsabad Agra, India",Weekday,6,396828.0
"Phusro, India",Weekday,3,522989.0
"Sardhana, India",Weekday,7,1610088.0
"Sopore, India",Weekday,3,375466.0
"Yavatmal, India",Weekend,3,425777.0
"Hoshiarpur, India",Weekend,1,161392.0
"Dehri-on-Sone, India",Weekend,1,213284.0
"Pondicherry, India",Weekday,1,172156.0
"Shenkottai, India",Weekend,3,383994.0
"Sangli, India",Weekday,8,675405.0
"Sattur, India",Weekend,3,504109.0
"Saharanpur, India",Weekend,3,358342.0
"Rayadurg, India",Weekend,2,196380.0
"Sidlaghatta, India",Weekend,2,85301.0
"Gurgaon, India",Weekend,3,343013.0
"Shamli, India",Weekday,3,318782.0
"Arakkonam, India",Weekend,1,18789.0
"Jaipur, India",Weekday,520,77227179.0
"Sathyamangalam, India",Weekend,1,287472.0
"Delhi, India",Weekday,2499,392118659.0
"Morshi, India",Weekday,6,884697.0
"Pandharkaoda, India",Weekend,1,145599.0
"Ramanathapuram, India",Weekend,1,186325.0
"Kohima, India",Weekend,2,334780.0
"Manvi, India",Weekend,2,311987.0
"Agartala, India",Weekday,4,636562.0
"Nokha, India",Weekend,3,553707.0
"Mandvi, India",Weekend,2,118595.0
"Nandyal, India",Weekend,1,95433.0
"Raipur, India",Weekday,4,546425.0
"Tarakeswar, India",Weekday,3,363205.0
"Tiruchendur, India",Weekday,5,771619.0
"Seoni, India",Weekend,1,122944.0
"Nagaon, India",Weekend,2,120313.0
"Mathura, India",Weekday,2,257906.0
"Kothagudem, India",Weekday,2,352977.0
"Bargarh, India",Weekday,1,181248.0
"Tilda Newra, India",Weekday,9,1406581.0
"Sibsagar, India",Weekday,6,952709.0
"Nilambur, India",Weekday,5,773762.0
"Pilani, India",Weekday,4,680718.0
"Kodungallur, India",Weekday,7,1351781.0
"Khammam, India",Weekend,2,331434.0
"Rameshwaram, India",Weekday,1,40255.0
"Pihani, India",Weekday,8,892356.0
"Ramanagaram, India",Weekday,3,449102.0
"Azamgarh, India",Weekday,2,102204.0
"Adoor, India",Weekday,4,259361.0
"Barpeta, India",Weekend,3,450850.0
"Nagari, India",Weekend,2,454795.0
"Risod, India",Weekday,5,894856.0
"Itarsi, India",Weekend,1,64561.0
"Kanhangad, India",Weekday,3,431623.0
"Sitapur, India",Weekday,5,709984.0
"Ujjain, India",Weekday,4,600025.0
"Medak, India",Weekday,4,837390.0
"Rahuri, India",Weekday,4,277042.0
"Chennai, India",Weekend,223,32838233.0
"Kakinada, India",Weekday,3,602664.0
"Dalli-Rajhara, India",Weekday,6,1170591.0
"Osmanabad, India",Weekday,3,541348.0
"Narayanpet, India",Weekday,5,351572.0
"Chirmiri, India",Weekend,3,505246.0
"Diphu, India",Weekday,9,1686087.0
"Nagaur, India",Weekend,2,536956.0
"Mandamarri, India",Weekend,1,44615.0
"Bhiwandi, India",Weekend,1,215061.0
"Muktsar, India",Weekend,3,437003.0
"Nidadavole, India",Weekday,6,985790.0
"Varanasi, India",Weekend,1,125313.0
"Mandapeta, India",Weekday,3,736697.0
"Bhatapara, India",Weekday,5,448984.0
"Gangarampur, India",Weekday,6,1106141.0
"Zamania, India",Weekend,4,715258.0
"Peringathur, India",Weekday,1,69013.0
"Byasanagar, India",Weekend,1,94864.0
"Ichalkaranji, India",Weekday,8,1240273.0
"Lakhisarai, India",Weekday,3,529728.0
"Anakapalle, India",Weekend,2,259499.0
"Kottayam, India",Weekend,2,53307.0
"Hardoi , India",Weekend,2,152650.0
"Malout, India",Weekend,2,205999.0
"Madhubani, India",Weekend,3,648327.0
"Nabarangapur, India",Weekend,1,92458.0
"Jalandhar Cantt., India",Weekend,5,609343.0
"Phalodi, India",Weekend,6,966119.0
"Pinjore, India",Weekday,7,1279633.0
"Vadalur, India",Weekday,4,719402.0
"Tanuku, India",Weekend,1,193878.0
"Murwara (Katni), India",Weekday,4,519783.0
"Tumsar, India",Weekday,6,624830.0
"Sullurpeta, India",Weekday,2,293798.0
"Tura, India",Weekday,3,466490.0
"Panvel, India",Weekend,1,21194.0
"Nasirabad, India",Weekday,5,586293.0
"Hindupur, India",Weekday,4,815661.0
"Vaniyambadi, India",Weekday,2,473101.0
"Sanand, India",Weekend,3,450094.0
"Mainaguri, India",Weekend,5,557815.0
"Sunam, India",Weekend,3,374807.0
"Dehradun, India",Weekday,7,925095.0
"Sailu, India",Weekday,9,1450533.0
"Shimla, India",Weekday,7,834452.0
"Ramganj Mandi, India",Weekend,1,37932.0
"Koyilandy, India",Weekend,1,5534.0
"Shahabad Hardoi, India",Weekday,3,638800.0
"Yawal, India",Weekend,1,298469.0
"Paschim Punropara, India",Weekend,2,382900.0
"Vrindavan, India",Weekday,5,804357.0
"Samalkot, India",Weekday,2,315905.0
"Shahbad, India",Weekend,5,713689.0
"Oddanchatram, India",Weekend,3,517542.0
"Tohana, India",Weekend,2,428171.0
"Vikarabad, India",Weekend,1,236961.0
"Sangole, India",Weekday,2,319909.0
"Lakshmeshwar, India",Weekday,4,664394.0
"Mahidpur, India",Weekend,2,167116.0
"Tiruchirappalli, India",Weekday,3,300538.0
"Mokokchung, India",Weekend,4,616681.0
"Proddatur, India",Weekday,4,775799.0
"Soron, India",Weekday,4,524504.0
"Amroha, India",Weekend,1,296502.0
"Nanded-Waghala, India",Weekend,5,788621.0
"Bathinda, India",Weekend,3,664302.0
"Pandhurna, India",Weekend,3,353868.0
"Rajkot, India",Weekday,5,488496.0
"Kashipur, India",Weekday,3,759490.0
"Nandura, India",Weekday,2,231015.0
"Sadasivpet, India",Weekday,4,575353.0
"Hyderabad, India",Weekend,242,35996951.0
"Uran, India",Weekend,1,26336.0
"Nadbai, India",Weekday,10,842984.0
"Sawai Madhopur, India",Weekend,2,496763.0
"Nohar, India",Weekday,1,171199.0
"Hubli-Dharwad, India",Weekday,6,864671.0
"Mokokchung, India",Weekday,9,1269718.0
"Proddatur, India",Weekend,1,99941.0
"Kavali, India",Weekday,5,979637.0
"Panchkula, India",Weekday,1,279644.0
"Sidlaghatta, India",Weekday,4,583962.0
"Shenkottai, India",Weekday,7,811457.0
"Chennai, India",Weekday,551,81892367.0
"Sanawad, India",Weekday,5,781427.0
"Sardhana, India",Weekend,1,53300.0
"Una, India",Weekday,2,526532.0
"Parvathipuram, India",Weekday,5,958985.0
"Sirsaganj, India",Weekend,1,202551.0
"Losal, India",Weekday,5,580548.0
"Korba, India",Weekday,7,1194868.0
"Tinsukia, India",Weekday,2,359788.0
"Kakinada, India",Weekend,2,337066.0
"Mandamarri, India",Weekday,1,87618.0
"Tilhar, India",Weekday,4,1028475.0
"Nagarkurnool, India",Weekend,1,139880.0
"Petlad, India",Weekday,4,555055.0
"Narayanpet, India",Weekend,3,508334.0
"Sheikhpura, India",Weekday,7,949265.0
"Rajagangapur, India",Weekend,4,533713.0
"Nawapur, India",Weekday,6,766660.0
"Kashipur, India",Weekend,1,259273.0
"Nellikuppam, India",Weekend,2,407552.0
"Neyveli (TS), India",Weekend,2,505461.0
"Hardwar, India",Weekday,1,166601.0
"Wankaner, India",Weekday,2,415114.0
"Bhatapara, India",Weekend,1,23576.0
"Naila Janjgir, India",Weekend,1,128639.0
"Rameshwaram, India",Weekend,2,325125.0
"Nagaon, India",Weekday,5,838639.0
"Tanuku, India",Weekday,10,1111346.0
"Phalodi, India",Weekday,5,766506.0
"Morena, India",Weekday,5,1196599.0
"Raver, India",Weekday,4,363669.0
"Upleta, India",Weekend,1,222177.0
"Uravakonda, India",Weekday,4,513407.0
"Utraula, India",Weekend,1,142712.0
"Sohna, India",Weekday,6,696288.0
"Barpeta, India",Weekday,4,496014.0
"Jagraon, India",Weekend,3,661362.0
"Pilani, India",Weekend,5,712806.0
"Sanand, India",Weekday,7,1061413.0
"Adityapur, India",Weekend,2,227532.0
"Vidisha, India",Weekday,5,524759.0
"Sonepur, India",Weekend,1,299905.0
"Khammam, India",Weekday,1,246978.0
"Dimapur, India",Weekday,4,359832.0
"Mhow Cantonment, India",Weekday,5,843026.0
"Pudukkottai, India",Weekday,8,1357394.0
"Malappuram, India",Weekday,3,129399.0
"Balangir, India",Weekday,3,269704.0
"Nalbari, India",Weekday,2,95321.0
"Medak, India",Weekend,1,93519.0
"Lingsugur, India",Weekend,3,416045.0
"Mudhol, India",Weekend,3,569362.0
"Unnao, India",Weekend,1,47243.0
"Vikramasingapuram, India",Weekend,1,150441.0
"Tilda Newra, India",Weekend,1,20997.0
"Vrindavan, India",Weekend,1,61233.0
"Sihor, India",Weekend,2,471281.0
"Punch, India",Weekday,1,164255.0
"Pavagada, India",Weekend,5,679998.0
"Navsari, India",Weekend,3,581848.0
"Shajapur, India",Weekday,3,360609.0
"Rae Bareli, India",Weekday,3,718225.0
"Firozpur Cantt., India",Weekday,2,225319.0
"Ujjain, India",Weekend,6,1071623.0
"Yavatmal, India",Weekday,5,774763.0
"Sathyamangalam, India",Weekday,2,176139.0
"Sankarankoil, India",Weekend,1,207493.0
"Mahalingapura, India",Weekend,1,208155.0
"Jamshedpur, India",Weekend,1,237534.0
"Naugachhia, India",Weekend,1,110515.0
"Tharad, India",Weekend,3,428128.0
"Sinnar, India",Weekday,5,860990.0
"Shillong, India",Weekend,1,126258.0
"Palia Kalan, India",Weekend,1,133091.0
"Nagaur, India",Weekday,9,1210062.0
"North Lakhimpur, India",Weekday,3,708269.0
"Nowgong, India",Weekday,3,309045.0
"Tiruvuru, India",Weekday,5,1114304.0
"Port Blair, India",Weekend,3,463731.0
"Dhamtari, India",Weekday,1,141854.0
"Mandvi, India",Weekday,9,1701204.0
"Saunda, India",Weekday,6,1446130.0
"Bongaigaon City, India",Weekend,3,323440.0
"Peringathur, India",Weekend,2,425475.0
"Amritsar, India",Weekend,2,317633.0
"Diphu, India",Weekend,3,310799.0
"Palacole, India",Weekend,3,417939.0
"Parli, India",Weekday,6,1036655.0
"Sirsi, India",Weekday,2,535400.0
"Tiruchendur, India",Weekend,4,672488.0
"Shahade, India",Weekday,4,598125.0
"Sasaram, India",Weekend,2,317216.0
"Siwan, India",Weekend,3,515124.0
"Jehanabad, India",Weekend,1,159676.0
"Punganur, India",Weekday,3,309115.0
"Nongstoin, India",Weekday,2,350587.0
"Sikar, India",Weekend,1,4713.0
"Seoni, India",Weekday,8,862190.0
"Valsad, India",Weekend,2,104820.0
"Manvi, India",Weekday,2,378257.0
"Mahnar Bazar, India",Weekday,4,726004.0
"Sidhpur, India",Weekday,6,1065890.0
"Sheopur, India",Weekend,4,548737.0
"Hardoi , India",Weekday,4,283089.0
"Noorpur, India",Weekend,2,478847.0
"Kodungallur, India",Weekend,1,22037.0
"Nilambur, India",Weekend,1,265343.0
"Sibsagar, India",Weekend,3,607041.0
"Ramachandrapuram, India",Weekday,3,553628.0
"Tiruppur, India",Weekday,7,966071.0
"Nanpara, India",Weekend,2,520072.0
"Jamui, India",Weekend,2,326582.0
"Bengaluru, India",Weekend,1050,166140238.0
"Baramula, India",Weekday,8,1146539.0
"Malegaon, India",Weekend,2,386548.0
"Mancherial, India",Weekend,3,249315.0
"Adoor, India",Weekend,3,388364.0
"Thangadh, India",Weekday,4,769635.0
"Malkapur, India",Weekday,1,197148.0
"Akola, India",Weekend,2,294042.0
"Unjha, India",Weekday,4,264940.0
"Dumka, India",Weekend,3,384502.0
"Darjiling, India",Weekday,1,261509.0
"Aruppukkottai, India",Weekday,4,834503.0
"Udhagamandalam, India",Weekend,1,74318.0
"Machilipatnam, India",Weekday,8,1358212.0
"Amravati, India",Weekday,8,1116367.0
"Sultanganj, India",Weekend,1,91528.0
"Sikandrabad, India",Weekday,4,557048.0
"Barnala, India",Weekday,2,404703.0
"Palanpur, India",Weekday,6,859941.0
"Gurgaon, India",Weekday,9,1616085.0
"Hoshiarpur, India",Weekday,2,431053.0
"Arakkonam, India",Weekday,5,621058.0
"Siliguri, India",Weekday,4,856902.0
"Kagaznagar, India",Weekday,2,267765.0
"Sadabad, India",Weekday,1,211116.0
"Puttur, India",Weekday,8,1320146.0
"Marmagao, India",Weekday,6,754726.0
"Mahemdabad, India",Weekday,4,662769.0
"Dehri-on-Sone, India",Weekday,9,1175818.0
"Mangrol, India",Weekday,6,1183428.0
"Jaipur, India",Weekend,232,33909676.0
"Zira, India",Weekday,9,1640547.0
"Arrah, India",Weekend,1,178035.0
"Modinagar, India",Weekday,2,348063.0
"Godhra, India",Weekday,1,121637.0
"Malpura, India",Weekend,3,630255.0
"Savner, India",Weekend,3,306694.0
"Rajakhera, India",Weekend,1,129502.0
"Sindhnur, India",Weekend,2,262347.0
"Shahbad, India",Weekday,2,381747.0
"Alappuzha, India",Weekend,1,106779.0
"Sirohi, India",Weekend,1,66924.0
"Bhawanipatna, India",Weekend,1,67062.0
"Uthamapalayam, India",Weekday,4,283372.0
"Nokha, India",Weekday,10,1856650.0
"Ranipet, India",Weekday,2,404529.0
"Sindhagi, India",Weekday,4,323109.0
"Thiruvalla, India",Weekend,1,19450.0
"Nohar, India",Weekend,2,425578.0
"Pali, India",Weekday,5,680067.0
"Uran, India",Weekday,4,561029.0
"Tumkur, India",Weekday,8,1487846.0
"Ramanathapuram, India",Weekday,4,344963.0
"Jagdalpur, India",Weekend,2,295075.0
"Bathinda, India",Weekday,11,2103307.0
"Pandhurna, India",Weekday,7,1145617.0
"Tiruvethipuram, India",Weekday,3,402025.0
"Lachhmangarh, India",Weekday,3,475410.0
"Rasipuram, India",Weekday,3,398893.0
"Talegaon Dabhade, India",Weekend,1,224810.0
"Mysore, India",Weekday,4,483081.0
"Bhopal, India",Weekday,3,500891.0
"Kannur, India",Weekend,1,184210.0
"Koratla, India",Weekend,3,404761.0
"Sunam, India",Weekday,3,401879.0
"Oddanchatram, India",Weekday,7,926399.0
"Sawai Madhopur, India",Weekday,2,382428.0
"Jhansi, India",Weekend,4,904303.0
"Maddur, India",Weekend,3,528744.0
"Muktsar, India",Weekday,5,664313.0
"Amroha, India",Weekday,3,534743.0
"Nangal, India",Weekend,1,136140.0
"Mankachar, India",Weekday,4,740204.0
"Miryalaguda, India",Weekday,3,343110.0
"Zamania, India",Weekday,2,150376.0
"Byasanagar, India",Weekday,7,902434.0
"Kasaragod, India",Weekday,6,756365.0
"Gudivada, India",Weekend,2,436324.0
"Kyathampalle, India",Weekend,1,103612.0
"Vikarabad, India",Weekday,2,387685.0
"Robertsganj, India",Weekend,5,776600.0
"Satara, India",Weekend,2,513799.0
"Palghar, India",Weekend,3,646324.0
"Aizawl, India",Weekend,2,493676.0
"Madhupur, India",Weekend,1,101922.0
"Puri, India",Weekend,1,262259.0
"Veraval, India",Weekday,3,241238.0
"Mohali, India",Weekend,3,553477.0
"Pilkhuwa, India",Weekday,3,466399.0
"Vadalur, India",Weekend,2,512063.0
"Salur, India",Weekend,1,139987.0
"Tundla, India",Weekend,1,193894.0
"Jalandhar Cantt., India",Weekday,2,200480.0
"Nagercoil, India",Weekend,2,521723.0
"Balaghat, India",Weekend,2,412965.0
"Ramganj Mandi, India",Weekday,9,1476962.0
"Tura, India",Weekend,2,306434.0
"Ambikapur, India",Weekend,1,165574.0
"Koyilandy, India",Weekday,7,1367192.0
"Suri, India",Weekday,2,372297.0
"Mahuva, India",Weekday,5,799267.0
"Siana, India",Weekend,4,680286.0
"Margao, India",Weekend,2,593950.0
"Mangaluru, India",Weekday,6,1059371.0
"Muvattupuzha, India",Weekday,7,1158687.0
"Thirumangalam, India",Weekday,3,325333.0
"Vadnagar, India",Weekend,2,186702.0
"Baharampur, India",Weekend,1,13010.0
"Baleshwar Town, India",Weekend,3,517608.0
"Puliyankudi, India",Weekend,3,345633.0
"Valparai, India",Weekday,5,827315.0
"Begusarai, India",Weekend,1,99268.0
"Morvi, India",Weekend,2,411137.0
"Lumding, India",Weekend,1,161461.0
"Pehowa, India",Weekday,7,1060108.0
"Shujalpur, India",Weekday,4,625884.0
"Shirur, India",Weekend,1,287710.0
"Sultanganj, India",Weekday,7,1287109.0
"Balaghat, India",Weekday,3,357144.0
"Shikaripur, India",Weekday,3,398036.0
"Sunabeda, India",Weekend,4,709503.0
"Murtijapur, India",Weekend,3,661900.0
"Sandila, India",Weekend,1,181343.0
"Lunawada, India",Weekend,2,454475.0
"Raayachuru, India",Weekend,1,184037.0
"Tamluk, India",Weekend,2,400556.0
"Asansol, India",Weekend,2,425080.0
"Uran Islampur, India",Weekend,1,27557.0
"Laharpur, India",Weekday,5,748177.0
"Mahesana, India",Weekday,10,1457579.0
"Noorpur, India",Weekday,4,585721.0
"Raxaul Bazar, India",Weekend,2,406802.0
"Dumka, India",Weekday,4,500536.0
"Umarga, India",Weekend,1,213921.0
"Titlagarh, India",Weekend,1,81395.0
"Sangaria, India",Weekend,1,184347.0
"Periyakulam, India",Weekend,3,581843.0
"Rajpipla, India",Weekend,1,282620.0
"Vellore, India",Weekday,1,256179.0
"Thrissur, India",Weekend,3,624483.0
"Afzalpur, India",Weekend,4,275703.0
"Chikkamagaluru, India",Weekday,3,338522.0
"Deesa, India",Weekday,3,524557.0
"Bhilwara, India",Weekday,5,754438.0
"Madikeri, India",Weekday,6,1027232.0
"Tharad, India",Weekday,8,1252825.0
"Gooty, India",Weekday,1,13638.0
"Mundi, India",Weekday,7,360142.0
"Udhagamandalam, India",Weekday,6,961466.0
"Sundargarh, India",Weekday,4,542313.0
"Tandur, India",Weekday,11,1453869.0
"Sagara, India",Weekend,2,265995.0
"Gurdaspur, India",Weekend,2,405490.0
"Nawanshahr, India",Weekend,2,340225.0
"Khair, India",Weekday,7,1344226.0
"Palghar, India",Weekday,2,385291.0
"Sanduru, India",Weekday,6,730610.0
"Pattamundai, India",Weekday,4,537580.0
"Naugawan Sadat, India",Weekend,1,169832.0
"Nanpara, India",Weekday,3,531651.0
"Baripada Town, India",Weekday,7,1042309.0
"Gohana, India",Weekend,3,501943.0
"Madhugiri, India",Weekend,2,367029.0
"Athni, India",Weekday,5,928963.0
"Vapi, India",Weekday,6,761844.0
"Roorkee, India",Weekend,1,64246.0
"Gadwal, India",Weekend,1,68807.0
"Zaidpur, India",Weekend,1,17420.0
"Tuensang, India",Weekend,1,46694.0
"Jagraon, India",Weekday,5,890135.0
"Rampur, India",Weekday,5,757051.0
"English Bazar, India",Weekday,4,522328.0
"Salem, India",Weekend,3,401962.0
"Dumraon, India",Weekend,3,554460.0
"Nuzvid, India",Weekend,2,462976.0
"Talegaon Dabhade, India",Weekday,4,795615.0
"Koratla, India",Weekday,10,1147404.0
"Ranavav, India",Weekend,3,620967.0
"Kalimpong, India",Weekend,1,110050.0
"Malur, India",Weekend,1,127819.0
"Mavoor, India",Weekday,5,285724.0
"Rath, India",Weekend,3,426716.0
"Sihor, India",Weekday,2,351770.0
"Kannur, India",Weekday,4,820189.0
"Port Blair, India",Weekday,3,647638.0
"Adilabad, India",Weekday,7,1183487.0
"Mahalingapura, India",Weekday,3,370097.0
"Tirukkoyilur, India",Weekend,2,281593.0
"Arambagh, India",Weekday,8,1150127.0
"Arrah, India",Weekday,2,312418.0
"Sambhal, India",Weekday,7,886042.0
"Ramnagar, India",Weekend,7,1490631.0
"Kendujhar, India",Weekday,6,626057.0
"Vaijapur, India",Weekday,4,541122.0
"Shikohabad, India",Weekend,1,25469.0
"Deoghar, India",Weekday,3,177485.0
"Sankarankoil, India",Weekday,7,1105885.0
"Paravoor, India",Weekend,2,471936.0
"Usilampatti, India",Weekend,1,283879.0
"Chirala, India",Weekend,2,283767.0
"Cherthala, India",Weekend,1,68802.0
"Bheemunipatnam, India",Weekday,6,1170772.0
"Attingal, India",Weekend,2,48765.0
"Panaji, India",Weekday,3,404861.0
"Savner, India",Weekday,4,684156.0
"Manmad, India",Weekday,6,874743.0
"Ajmer, India",Weekday,2,409679.0
"Narsipatnam, India",Weekday,3,400686.0
"Sira, India",Weekend,1,117536.0
"Keshod, India",Weekend,1,19848.0
"Mandideep, India",Weekend,5,784646.0
"Kapurthala, India",Weekday,6,1297245.0
"Porsa, India",Weekend,2,267339.0
"Naihati, India",Weekend,3,470323.0
"Vasai-Virar, India",Weekday,6,1011207.0
"Vadakkuvalliyur, India",Weekend,2,90304.0
"Sujangarh, India",Weekend,3,733160.0
"Naidupet, India",Weekend,3,149633.0
"Dharmanagar, India",Weekend,4,303351.0
"Sainthia, India",Weekday,6,675321.0
"Utraula, India",Weekday,7,542987.0
"Ashok Nagar, India",Weekend,3,611946.0
"Kancheepuram, India",Weekend,1,198593.0
"Pipariya, India",Weekend,1,283298.0
"Ludhiana, India",Weekday,3,224875.0
"Wadhwan, India",Weekday,3,328774.0
"Kandukur, India",Weekend,2,204191.0
"Tikamgarh, India",Weekend,1,211962.0
"Viramgam, India",Weekend,4,905403.0
"Khambhat, India",Weekend,2,398407.0
"Kunnamkulam, India",Weekend,3,407411.0
"Mahe, India",Weekend,2,573339.0
"Ranchi, India",Weekend,2,280241.0
"Savarkundla, India",Weekend,1,22393.0
"Thiruvananthapuram, India",Weekend,2,349030.0
"Shahjahanpur, India",Weekday,8,1212725.0
"Talikota, India",Weekend,3,626580.0
"Guwahati, India",Weekday,8,1198543.0
"Firozabad, India",Weekend,2,201090.0
"Pavagada, India",Weekday,3,471620.0
"Navsari, India",Weekday,4,692618.0
"Naugachhia, India",Weekday,5,795284.0
"Madhepura, India",Weekday,3,294945.0
"Shillong, India",Weekday,3,348923.0
"Jehanabad, India",Weekday,5,439680.0
"Brahmapur, India",Weekend,1,3184.0
"Shegaon, India",Weekend,2,413642.0
"Yemmiganur, India",Weekend,2,150896.0
"Sagar, India",Weekend,4,557098.0
"Jhargram, India",Weekday,4,734168.0
"Taki, India",Weekday,1,199043.0
"Palasa Kasibugga, India",Weekday,5,1094653.0
"Jhansi, India",Weekday,6,1208286.0
"Medinipur, India",Weekend,2,497484.0
"Rajagangapur, India",Weekday,5,786411.0
"Sri Madhopur, India",Weekend,3,261890.0
"Nellikuppam, India",Weekday,5,538896.0
"Kanpur, India",Weekday,549,82536152.0
"Achalpur, India",Weekday,7,1258590.0
"Dhoraji, India",Weekend,2,86511.0
"Sirhind Fatehgarh Sahib, India",Weekend,3,364748.0
"Palladam, India",Weekday,4,597621.0
"Vizianagaram, India",Weekday,3,197283.0
"Valsad, India",Weekday,3,411084.0
"Tanda, India",Weekend,2,290796.0
"Neyveli (TS), India",Weekday,5,591275.0
"Sasvad, India",Weekend,2,245750.0
"Sikar, India",Weekday,3,227052.0
"Eluru, India",Weekend,2,101402.0
"Karjat, India",Weekday,2,377101.0
"Periyasemur, India",Weekday,10,1176469.0
"Orai, India",Weekday,5,964561.0
"Repalle, India",Weekend,1,269575.0
"Satana, India",Weekend,2,288217.0
"Davanagere, India",Weekday,10,1386169.0
"Suratgarh, India",Weekday,1,40787.0
"Lakhimpur, India",Weekday,4,800116.0
"Chirkunda, India",Weekend,2,140517.0
"Umarkhed, India",Weekend,1,163523.0
"Parlakhemundi, India",Weekend,1,106506.0
"Changanassery, India",Weekend,1,30074.0
"Kolkata, India",Weekend,210,31179970.0
"Rishikesh, India",Weekday,6,902319.0
"Madanapalle, India",Weekend,2,118200.0
"Tundla, India",Weekday,2,337118.0
"Yanam, India",Weekday,8,1484475.0
"Sherkot, India",Weekday,6,553631.0
"Vedaranyam, India",Weekend,2,339478.0
"Chandigarh, India",Weekend,1,135638.0
"Virudhunagar, India",Weekend,2,251825.0
"Vadodara, India",Weekend,2,431526.0
"Ranebennuru, India",Weekday,2,242748.0
"Vyara, India",Weekend,5,778149.0
"Pandharpur, India",Weekend,3,559899.0
"Talaja, India",Weekend,2,350089.0
"Jharsuguda, India",Weekday,2,55878.0
"Padra, India",Weekday,9,1139439.0
"Uchgaon, India",Weekend,3,257348.0
"Karimnagar, India",Weekday,3,493900.0
"Rajampet, India",Weekend,3,570838.0
"Srikalahasti, India",Weekday,3,512633.0
"Sugauli, India",Weekday,6,542483.0
"Guntakal, India",Weekend,1,61223.0
"Gudivada, India",Weekday,4,579209.0
"Rajahmundry, India",Weekend,3,292107.0
"Kyathampalle, India",Weekday,4,525264.0
"Ambejogai, India",Weekday,3,386702.0
"Tenali, India",Weekend,2,389147.0
"Wanaparthy, India",Weekend,1,70793.0
"Begusarai, India",Weekday,4,423103.0
"Sahaswan, India",Weekend,3,650236.0
"Purna, India",Weekend,1,277913.0
"Kamareddy, India",Weekday,4,352000.0
"Terdal, India",Weekday,4,434331.0
"Tuljapur, India",Weekday,4,740823.0
"Sardarshahar, India",Weekend,3,406882.0
"Sindhnur, India",Weekday,5,469737.0
"Perumbavoor, India",Weekend,2,403506.0
"Anjangaon, India",Weekend,1,246746.0
"Sugauli, India",Weekend,1,23981.0
"Tirukkoyilur, India",Weekday,5,560466.0
"Taki, India",Weekend,1,57263.0
"Shikohabad, India",Weekday,9,1906922.0
"Srinagar, India",Weekend,2,313159.0
"Radhanpur, India",Weekend,2,525175.0
"Guntakal, India",Weekday,2,163663.0
"Palasa Kasibugga, India",Weekend,3,592504.0
"Sangole, India",Weekend,2,101278.0
"Eluru, India",Weekday,5,465003.0
"Kohima, India",Weekday,4,609330.0
"Achalpur, India",Weekend,2,348051.0
"Nanded-Waghala, India",Weekday,7,989427.0
"Raghunathganj, India",Weekend,1,82134.0
"Terdal, India",Weekend,1,64570.0
"Palladam, India",Weekend,1,222666.0
"Manuguru, India",Weekend,2,305569.0
"Rajkot, India",Weekend,3,489636.0
"Medinipur, India",Weekday,3,561473.0
"Kanpur, India",Weekend,215,31834380.0
"Malout, India",Weekday,3,355457.0
"Hajipur, India",Weekend,4,750304.0
"Nandyal, India",Weekday,4,807548.0
"Sasvad, India",Weekday,2,283029.0
"Pithapuram, India",Weekend,4,880393.0
"Pilibhit, India",Weekend,1,264301.0
"Tanda, India",Weekday,5,657531.0
"Palani, India",Weekday,4,649085.0
"Murwara (Katni), India",Weekend,1,19565.0
"Padrauna, India",Weekend,2,344931.0
"Mandideep, India",Weekday,6,981446.0
"Athni, India",Weekend,1,22985.0
"Khambhat, India",Weekday,3,566625.0
"Nasirabad, India",Weekend,7,1050003.0
"Vadakkuvalliyur, India",Weekday,4,594619.0
"Nilanga, India",Weekday,6,1013781.0
"Rampur, India",Weekend,4,436828.0
"Pipariya, India",Weekday,5,957914.0
"Ranchi, India",Weekday,4,339261.0
"Hindupur, India",Weekend,2,290777.0
"Pusad, India",Weekday,6,898870.0
"Umarkhed, India",Weekday,4,577961.0
"Salaya, India",Weekday,2,260317.0
"Warangal, India",Weekend,1,220539.0
"Mavoor, India",Weekend,2,183043.0
"Itarsi, India",Weekday,5,838501.0
"Malerkotla, India",Weekday,5,828812.0
"Nirmal, India",Weekday,4,672756.0
"Chittoor, India",Weekday,6,976573.0
"Macherla, India",Weekday,4,826773.0
"Padra, India",Weekend,2,433356.0
"Mathura, India",Weekend,1,201782.0
"Thodupuzha, India",Weekday,1,296684.0
"Kothagudem, India",Weekend,1,238167.0
"Erode, India",Weekday,7,1203957.0
"Ranavav, India",Weekday,5,624202.0
"Malur, India",Weekday,4,357283.0
"Pihani, India",Weekend,2,215786.0
"Thrissur, India",Weekday,3,501223.0
"Usilampatti, India",Weekday,4,396860.0
"Paravoor, India",Weekday,8,1151502.0
"Narsipatnam, India",Weekend,1,170663.0
"Pondicherry, India",Weekend,1,151430.0
"Ramnagar, India",Weekday,12,957988.0
"Vaijapur, India",Weekend,1,89834.0
"Saharanpur, India",Weekday,1,41241.0
"Bhubaneswar, India",Weekend,2,68502.0
"Rayadurg, India",Weekday,4,481738.0
"Vizianagaram, India",Weekend,2,415169.0
"Panna, India",Weekend,2,62595.0
"Sunabeda, India",Weekday,6,1486675.0
"Faridkot, India",Weekend,2,176940.0
"Viramgam, India",Weekday,4,1064205.0
"Nidadavole, India",Weekend,2,422386.0
"Tezpur, India",Weekend,1,173426.0
"Sattur, India",Weekday,4,622024.0
"Sarangpur, India",Weekday,4,1019157.0
"Nanjangud, India",Weekday,3,681079.0
"Nathdwara, India",Weekend,1,8022.0
"Ponnur, India",Weekday,5,883656.0
"Sirhind Fatehgarh Sahib, India",Weekday,6,1074756.0
"New Delhi, India",Weekend,1,188763.0
"Dhoraji, India",Weekday,1,166610.0
"Malavalli, India",Weekday,3,478747.0
"Vadipatti, India",Weekday,2,300309.0
"Anakapalle, India",Weekday,2,299290.0
"Pandharkaoda, India",Weekday,4,769677.0
"Bhilai Nagar, India",Weekend,1,17073.0
"Nabarangapur, India",Weekday,2,232862.0
"Suar, India",Weekday,5,857825.0
"Kottayam, India",Weekday,6,1314928.0
"Baharampur, India",Weekday,7,1056078.0
"Ajmer, India",Weekend,2,50818.0
"Periyakulam, India",Weekday,2,567289.0
"Porsa, India",Weekday,6,974530.0
"Neyyattinkara, India",Weekend,2,158189.0
"Vadnagar, India",Weekday,3,377429.0
"Sujangarh, India",Weekday,3,719283.0
"Talikota, India",Weekday,3,457060.0
"Rayachoti, India",Weekend,4,520500.0
"Sirkali, India",Weekday,1,14468.0
"Thirumangalam, India",Weekend,4,743339.0
"Shikaripur, India",Weekend,2,494623.0
"Kapurthala, India",Weekend,2,286092.0
"Sainthia, India",Weekend,3,535500.0
"Patiala, India",Weekday,3,485494.0
"Chaibasa, India",Weekend,1,66582.0
"Savarkundla, India",Weekday,3,470677.0
"Rabkavi Banhatti, India",Weekend,5,669646.0
"Tikamgarh, India",Weekday,5,710352.0
"Lal Gopalganj Nindaura, India",Weekend,2,250759.0
"Bhiwandi, India",Weekday,4,342825.0
"Mehkar, India",Weekend,2,354372.0
"Rath, India",Weekday,5,815809.0
"Manglaur, India",Weekend,1,123568.0
"Rajpipla, India",Weekday,2,434679.0
"Kalimpong, India",Weekday,4,654932.0
"Talcher, India",Weekend,1,232327.0
"Madhepura, India",Weekend,1,103465.0
"Kanhangad, India",Weekend,1,62516.0
"Salem, India",Weekday,2,315186.0
"Tirukalukundram, India",Weekend,2,279935.0
"Uran Islampur, India",Weekday,1,181513.0
"Phagwara, India",Weekend,5,1030943.0
"Maner, India",Weekday,5,586756.0
"Gooty, India",Weekend,5,494048.0
"Chalakudy, India",Weekday,3,567873.0
"Rajampet, India",Weekday,6,915022.0
"Mainaguri, India",Weekday,3,538513.0
"Karnal, India",Weekday,4,579904.0
"Shirdi, India",Weekday,3,462728.0
"Sambhal, India",Weekend,2,240407.0
"Chandigarh, India",Weekday,1,296595.0
"Naugawan Sadat, India",Weekday,8,1065292.0
"Tiruchirappalli, India",Weekend,3,459532.0
"Sanduru, India",Weekend,1,45646.0
"Hansi, India",Weekday,3,465479.0
"Narasaraopet, India",Weekend,2,398271.0
"Khair, India",Weekend,2,138122.0
"Madanapalle, India",Weekday,3,548799.0
"Sankari, India",Weekend,1,291735.0
"Purna, India",Weekday,4,422624.0
"Najibabad, India",Weekday,4,748980.0
"Hyderabad, India",Weekday,542,78496526.0
"Repalle, India",Weekday,1,116324.0
"Morvi, India",Weekday,1,34701.0
"Sivakasi, India",Weekend,1,210082.0
"Jamnagar, India",Weekday,5,923068.0
"Tuensang, India",Weekday,2,131148.0
"Attingal, India",Weekday,1,91665.0
"Zaidpur, India",Weekday,4,706398.0
"Patan, India",Weekday,3,530133.0
"Pithampur, India",Weekday,4,429936.0
"Srivilliputhur, India",Weekend,3,606327.0
"Baleshwar Town, India",Weekday,4,487115.0
"Puliyankudi, India",Weekday,11,1711456.0
"Margao, India",Weekday,7,1467991.0
"Rudrapur, India",Weekend,3,385730.0
"Bhongir, India",Weekend,5,938935.0
"Sangaria, India",Weekday,5,394723.0
"Paschim Punropara, India",Weekday,4,637865.0
"Ramagundam, India",Weekday,5,322362.0
"Wadi, India",Weekday,4,752032.0
"Munger, India",Weekday,3,325954.0
"Murtijapur, India",Weekday,3,545427.0
"Laharpur, India",Weekend,2,204046.0
"Muvattupuzha, India",Weekend,3,453664.0
"Gudur, India",Weekend,3,425459.0
"Partur, India",Weekday,3,524615.0
"Dhubri, India",Weekday,5,908466.0
"Mahuva, India",Weekend,1,271647.0
"Dalli-Rajhara, India",Weekend,3,688450.0
"Thoubal, India",Weekday,10,1010829.0
"Alwar, India",Weekday,3,790466.0
"Tenali, India",Weekday,5,597241.0
"Rajahmundry, India",Weekday,5,827406.0
"Tarn Taran, India",Weekday,5,875459.0
"Raiganj, India",Weekend,1,139587.0
"Loni, India",Weekday,7,1199814.0
"Sadasivpet, India",Weekend,2,400337.0
"Dibrugarh, India",Weekend,2,461703.0
"Chirmiri, India",Weekday,5,634914.0
"Tohana, India",Weekday,6,603575.0
"Jhargram, India",Weekend,2,497633.0
"Chikkamagaluru, India",Weekend,1,88602.0
"Lakshmeshwar, India",Weekend,2,368074.0
"Sardarshahar, India",Weekday,3,258648.0
"Yadgir, India",Weekday,2,472305.0
"Tiruchengode, India",Weekend,2,417165.0
"Soron, India",Weekend,4,653487.0
"Wanaparthy, India",Weekday,1,54813.0
"Madhubani, India",Weekday,3,649830.0
"Yerraguntla, India",Weekday,4,728049.0
"Gohana, India",Weekday,1,13635.0
"Madhugiri, India",Weekday,3,501145.0
"Theni Allinagaram, India",Weekend,3,502018.0
"Mahasamund, India",Weekend,6,970745.0
"Satana, India",Weekday,5,690566.0
"Lumding, India",Weekday,2,314542.0
"Nakodar, India",Weekend,1,126688.0
"Panvel, India",Weekday,6,1040540.0
"Orai, India",Weekend,1,211487.0
"Bhainsa, India",Weekend,1,264023.0
"Neemuch, India",Weekday,4,679308.0
"Naharlagun, India",Weekday,4,402133.0
"Sherkot, India",Weekend,4,538710.0
"Nadiad, India",Weekday,4,506926.0
"Gangarampur, India",Weekend,1,146464.0
"Firozabad, India",Weekday,2,505088.0
"Nagari, India",Weekday,2,299242.0
"Tonk, India",Weekend,1,206164.0
"Phaltan, India",Weekend,2,105409.0
"Yawal, India",Weekday,1,149470.0
"Virudhunagar, India",Weekday,2,241419.0
"Ashok Nagar, India",Weekday,4,871656.0
"Yadgir, India",Weekend,1,277138.0
"Vadodara, India",Weekday,2,310389.0
"Suratgarh, India",Weekend,2,449084.0
"Pollachi, India",Weekend,1,79289.0
"Pandharpur, India",Weekday,7,1031178.0
"Jharsuguda, India",Weekend,2,199282.0
